qid,zooLabel,countryLabel,inception,regionLabel
Q2709506,Singapore Zoo,Singapore,1973-06-27T00:00:00Z,North Region
Q114355208,Yokohama fortune aquarium,Japan,,Naka-ku
Q2896297,NegevZoo,Israel,1954-01-01T00:00:00Z,Beersheba
Q111464720,The National Aquarium Abu Dhabi,United Arab Emirates,2021-01-01T00:00:00Z,Abu Dhabi
Q3156501,Izu Mito Sea Paradise,Japan,1930-01-01T00:00:00Z,Numazu
Q1136334,Yangon Zoological Gardens,Myanmar,1906-01-25T00:00:00Z,Yangon
Q3108672,Yerevan Zoo,Armenia,1940-01-01T00:00:00Z,Yerevan
Q2452280,Baku Zoo,Azerbaijan,1928-01-01T00:00:00Z,Baku
Q1413736,Tama Zoological Park,Japan,1958-05-05T00:00:00Z,Hino
Q3182046,Shanghai Zoo,People's Republic of China,,Shanghai
Q124514449,Xpark,Taiwan,2020-08-07T00:00:00Z,Qingpu Village
Q591131,Taipei Zoo,Taiwan,1914-01-01T00:00:00Z,Wenshan District
Q3082977,Marine Life Park,Singapore,2011-11-22T00:00:00Z,Sentosa
Q2859182,Istanbul Aquarium,Turkey,2011-04-01T00:00:00Z,Bakırköy
Q2774335,Sakkarbaug Zoological Garden,India,1863-01-01T00:00:00Z,Junagadh district
Q123659140,City Park Aquarium (Tehran),Iran,,District 12
Q833625,Kabul Zoo,Afghanistan,1967-01-01T00:00:00Z,Kabul
Q4059427,Dubai Aquarium and Underwater Zoo,United Arab Emirates,2008-11-04T00:00:00Z,Dubai
Q861318,Nogeyama Zoo,Japan,1951-04-01T00:00:00Z,Oimatsuchō
Q2307982,Manila Zoological and Botanical Garden,Philippines,1959-01-01T00:00:00Z,
Q220043,Kathmandu Zoo,Nepal,1932-01-01T00:00:00Z,Lalitpur
Q944021,Thủ Lệ Park,Vietnam,,
Q1046034,Shymkent Zoo,Kazakhstan,1980-01-01T00:00:00Z,Shymkent
Q708915,Korea Central Zoo,North Korea,1959-04-01T00:00:00Z,Pyongyang
Q302897,Hirakata Park,Japan,1910-01-01T00:00:00Z,Hirakata
Q2530020,Chai Nat Bird Park,Thailand,,
Q115283045,Higashiyama Zoo Medaka World,Japan,,"Kameiri, Tashiro-chō, Nagoya"
Q135927744,Taichung Aquarium,Taiwan,2025-08-21T00:00:00Z,Taichung
Q2587322,Adventure World,Japan,1978-01-01T00:00:00Z,Shirahama
Q1058886,Carmel Hai-Bar Nature Reserve,Israel,1973-01-01T00:00:00Z,
Q3295344,Higashiyama Zoo and Botanical Gardens,Japan,1937-03-01T00:00:00Z,Chikusa-ku
Q2859205,Shanghai Ocean Aquarium,People's Republic of China,,
Q135227930,Poring Butterfly Farm,Malaysia,,Ranau District
Q6312921,Jungle World,Pakistan,,Rawalpindi District
Q3493970,Nehru Zoological Park,India,1963-10-06T00:00:00Z,Hyderabad
Q1445750,Okinawa Churaumi Aquarium,Japan,2002-01-01T00:00:00Z,Motobu
Q123662912,The Sixth Cycle Birthday Anniversary Celebration Aquarium,Thailand,,Tha Mai
Q111247590,"Seto Marine Biological Laboratory Aquarium, Kyoto University",Japan,,Shirahama
Q3055859,Aqua Park Shinagawa,Japan,,Takanawa
Q2275145,Nandankanan Zoological Park,India,1960-01-01T00:00:00Z,
Q862533,Naypyidaw Zoological Gardens,Myanmar,2008-03-27T00:00:00Z,
Q3034913,Chiang Mai Zoo,Thailand,1957-01-01T00:00:00Z,Chiang Mai
Q2584900,Himeji City Aquarium,Japan,1966-06-12T00:00:00Z,Himeji
Q132560669,Snake House,Pakistan,,Rawalpindi District
Q2672104,Pinnawala Elephant Orphanage,Sri Lanka,1975-01-01T00:00:00Z,
Q123566518,Minatoyama Aquarium,Japan,2022-07-01T00:00:00Z,
Q647766,Jijamata Udyaan,India,1861-01-01T00:00:00Z,Mumbai
Q117485087,YaToMi AQUA,Japan,,Q80064977
Q3276955,Assam State Zoo cum Botanical Garden,India,1958-01-01T00:00:00Z,Guwahati
Q162722,Ueno Zoo,Japan,1882-01-01T00:00:00Z,Ueno-kōen
Q2891853,Qalqilya Zoo,Palestine,1986-01-01T00:00:00Z,Qalqilya
Q220207,Hong Kong Zoological and Botanical Gardens,People's Republic of China,,Central and Western District
Q19851614,Shanghai Haichang Ocean Park,People's Republic of China,2018-01-01T00:00:00Z,Pudong
Q1142942,National Zoo of Malaysia,Malaysia,1963-11-14T00:00:00Z,Gombak
Q3364809,National Zoological Park Delhi,India,1959-01-01T00:00:00Z,
Q3162430,Saigon Zoo and Botanical Gardens,Vietnam,1865-01-01T00:00:00Z,Saigon
Q697507,National Museum of Marine Biology and Aquarium,Taiwan,2000-02-25T00:00:00Z,Checheng Township
Q28980,Manila Ocean Park,Philippines,2008-03-01T00:00:00Z,Manila
Q125228535,Kobe Suma Sea World,Japan,,Suma-ku
Q16258099,Chimelong Ocean Kingdom,People's Republic of China,,Hengqin
Q11309982,Japan Snake Center,Japan,,Yabuzukachō
Q137970396,Chimelong Spaceship,People's Republic of China,,Hengqin
Q123002567,Phuket Aquarium,Thailand,,Phuket
Q3576017,Khao Kheow Open Zoo,Thailand,1978-06-01T00:00:00Z,Bang Phra
Q2182381,Japan Monkey Centre,Japan,,Inuyama
Q2116901,Dubai Dolphinarium,United Arab Emirates,2008-05-21T00:00:00Z,Emirate of Dubai
Q137207883,"Lalithodyana Aquarium, Dharmasthala",India,,Dharmasthala
Q3549275,Qingdao Underwater World,People's Republic of China,,
Q1207908,Ocean Park Hong Kong,People's Republic of China,,Southern District
Q2349688,Baghdad Zoo,Iraq,1971-01-01T00:00:00Z,Baghdad
Q863153,Yokohama Hakkeijima Sea Paradise,Japan,1993-05-08T00:00:00Z,Yokohama
Q1144452,National Zoological Gardens of Sri Lanka,Sri Lanka,1936-01-01T00:00:00Z,
Q2125883,"Underwater World, Singapore",Singapore,1991-01-01T00:00:00Z,Sentosa
Q2660049,Kuala Lumpur Bird Park,Malaysia,1991-01-01T00:00:00Z,Kuala Lumpur
Q2723997,Rajiv Gandhi Zoological Park,India,1999-03-14T00:00:00Z,Pune
Q132296427,Marine Kingdom,India,,
Q2234723,Night Safari,Singapore,1994-05-26T00:00:00Z,Central Water Catchment
Q1191885,Osaka Aquarium Kaiyukan,Japan,1990-01-01T00:00:00Z,Kaigandori
Q2033070,Safari World,Thailand,1988-02-17T00:00:00Z,Bangkok
Q3346440,Alipore Zoological Gardens,India,1876-05-01T00:00:00Z,"Ward No. 74, Kolkata Municipal Corporation"
Q3350326,Bangladesh National Zoo,Bangladesh,1974-06-23T00:00:00Z,
Q81821,Hiroshima City Asa Zoological Park,Japan,1971-09-01T00:00:00Z,Asakita-ku
Q3495905,Padmaja Naidu Himalayan Zoological Park,India,1958-01-01T00:00:00Z,Darjeeling
Q136700684,Aquarium Paradise,India,,JC Nagar
Q1054648,Tennōji Zoo,Japan,1915-01-01T00:00:00Z,Q86727104
Q2915736,Jerusalem Biblical Zoo,Israel,1940-01-01T00:00:00Z,Jerusalem
Q2713110,Ragunan Zoo,Indonesia,1864-01-01T00:00:00Z,
Q1132057,Rayong Aquarium,Thailand,,
Q116921556,Art Aquarium Museum,Japan,,Chūō
Q3523523,Mysore Zoo,India,1892-01-01T00:00:00Z,Mysore
Q124451882,The Lost Chambers aquarium,United Arab Emirates,,Dubai
Q94465,Eram Zoo,Iran,1990-01-01T00:00:00Z,District 5
Q134992292,Taizhou Ocean World,People's Republic of China,,Zhejiang
Q647587,Arignar Anna Zoological Park,India,1855-01-01T00:00:00Z,Chengalpattu district
Q290283,Karagandy Zoo,Kazakhstan,1938-01-01T00:00:00Z,Karaganda
Q220083,Beijing Zoo,People's Republic of China,1906-01-01T00:00:00Z,Zhanlanlu Subdistrict
Q1073067,Toba Aquarium,Japan,1955-05-15T00:00:00Z,Toba
Q12407320,Q12407320,Israel,2004-01-01T00:00:00Z,Beit Elazari
Q494673,Everland,South Korea,1976-01-01T00:00:00Z,Cheoin-gu
Q129395735,"Marine Aquarium, Digha",India,1989-01-01T00:00:00Z,Digha
Q993926,Asahiyama Zoo,Japan,1967-07-01T00:00:00Z,Asahikawa
Q1267646,Dusit Zoo,Thailand,1938-01-01T00:00:00Z,Dusit
Q2343219,Ramat Gan Safari,Israel,1974-01-01T00:00:00Z,Ramat Gan
Q11636941,Adachi Park of Living Things,Japan,1993-10-01T00:00:00Z,Hokima
Q11536832,Katsurahama Aquarium,Japan,1931-01-01T00:00:00Z,Urado
Q11419591,the Aquarium of Shimantogawa River Osakanakan,Japan,1997-04-12T00:00:00Z,Matsuno
Q11543208,Q11543208,Japan,,
Q11673927,Tango Uocchikan,Japan,,Miyazu
Q11549303,Osaka Water Museum,Japan,,Kunijima
Q11641448,Roadside station Kihocho Umigame-park,Japan,1993-04-22T00:00:00Z,Kihō-chō
Q14594862,Qingdao Aquarium,People's Republic of China,,Qingdao
Q11371781,Zero Distance Aquarium Ise Sea Paradise,Japan,1966-07-21T00:00:00Z,Ise
Q11554537,Numazu Deep Sea Aquarium,Japan,,Numazu
Q11417475,Wakayama Prefectural Museum of Natural History,Japan,1982-01-01T00:00:00Z,Kainan
Q11595485,Oga Aquarium Gao,Japan,,Oga
Q11476470,Shimane Aquarium Aquas,Japan,2000-01-01T00:00:00Z,Gōtsu-shi
Q11432633,Oita Marine Palace Aquarium,Japan,2004-04-01T00:00:00Z,Ōita-shi
Q20470439,Aqua Vega,Turkey,,Mamak district
Q11426136,Kinosaki Marine World,Japan,,Toyooka
Q11577719,Hanshin-park,Japan,,
Q11490912,Shima Marineland,Japan,1970-03-18T00:00:00Z,Shima
Q11599117,Takeshima Aquarium,Japan,1956-01-01T00:00:00Z,Gamagōri-shi
Q11596319,Wakkanai Noshappu Aquarium,Japan,1968-07-21T00:00:00Z,Wakkanai
Q11428303,Q11428303,Japan,,
Q11502898,Niigata City Aquarium Marinepia Nihonkai,Japan,1967-10-22T00:00:00Z,Chūō-ku
Q11521425,Sapporo Salmon Museum,Japan,1984-10-06T00:00:00Z,Minami-ku
Q11431737,Q11431737,Japan,,
Q17219170,Susami Crustacean Aquarium,Japan,1999-04-01T00:00:00Z,Susami
Q11572836,Tamano Marine Museum,Japan,1953-01-01T00:00:00Z,Tamano
Q17222417,Sendai Umino-Mori Aquarium,Japan,,Miyagino-ku
Q11636428,Echizen Matsushima Aquarium,Japan,,Sakai
Q11480658,Muroran Aquarium,Japan,,Muroran
Q17217312,Q17217312,Japan,,
Q11564667,Lake Biwa Museum,Japan,1996-10-20T00:00:00Z,Kusatsu
Q11590110,Suma Aqualife Park,Japan,1987-01-01T00:00:00Z,Suma-ku
Q11524680,"Misaki Marine Biological Station, the University of Tokyo",Japan,,
Q11582155,Sagamigawa Fureai Science Museum,Japan,1987-11-15T00:00:00Z,Chūō-ku
Q17230652,Yokohama Omoshiro Aquarium,Japan,2004-01-01T00:00:00Z,Yamashitachō
Q11535182,Tochigi Nakagawa Aquatic Park,Japan,,Ōtawara-shi
Q11405627,Chitose Aquarium,Japan,,Chitose
Q11502657,Enoshima Aquarium,Japan,1952-07-19T00:00:00Z,Fujisawa
Q11675955,Kamo Aquarium,Japan,,Tsuruoka
Q11469706,Yamanashi Prefectural Fuji Spring-fed Village Aquarium,Japan,2001-04-25T00:00:00Z,Oshino
Q16929389,Yehliu Ocean World,Taiwan,,Wanli District
Q11375621,Kyoto Aquarium,Japan,2012-03-14T00:00:00Z,Shimogyō-ku
Q11674044,Uozu Aquarium,Japan,1913-09-01T00:00:00Z,Uozu
Q11378725,Imari Bay Horseshoe Crab House,Japan,,Imari
Q11652600,Nagasaki Aquarium,Japan,,Nagasaki
Q16353826,Nong Khai Aquarium,Thailand,,Nong Kom Ko
Q17107576,Jagdishchandra Bose Aquarium,India,,Gujarat
Q11621781,Tateshina Amusement Aquarium,Japan,1993-01-01T00:00:00Z,Chino
Q11587774,Hekinan Seaside Aquarium,Japan,,Hama-machi
Q11408304,Minami Chita Beach Land,Japan,1980-01-01T00:00:00Z,Mihama
Q17223432,Sony aquarium,Japan,,
Q11650572,Ojiya Nishikigoi no Sato,Japan,,Jōnai
Q20470397,Antalya Aquarium,Turkey,,Antalya Province
Q11501972,New Yashima Aquarium,Japan,2006-12-23T00:00:00Z,Takamatsu
Q11465797,Yama no Aquarium,Japan,,Kitami
Q11512519,Q11512519,Japan,,
Q11374325,Keikyu Aburatsubo Marine Park,Japan,1968-04-27T00:00:00Z,Miura
Q11579106,Noboribetsu Marine Park Nixe,Japan,,Noboribetsu
Q11557221,Asakusa Park Aquarium,Empire of Japan,,Asakusa-ku
Q11542208,Shibetsu Salmon Science Museum,Japan,,Shibetsu
Q11532664,Q11532664,Japan,,
Q47462824,Nagaland Zoological Park,India,2008-08-28T00:00:00Z,Dimapur district
Q41793070,Q41793070,Israel,,Katzrin
Q18667200,Lai Chi Kok Zoo,People's Republic of China,,
Q11224474,iZoo,Japan,2012-12-15T00:00:00Z,Kawazu
Q4251753,Batu Secret Zoo,Indonesia,2010-06-01T00:00:00Z,
Q60749463,Haichang Polar Ocean World,People's Republic of China,,
Q11361443,Shimonoseki Marine Science Museum Kaikyōkan,Japan,2001-04-01T00:00:00Z,Shimonoseki
Q11360163,Joetsu Aquarium,Japan,2018-06-01T00:00:00Z,Gochi
Q11261729,Otaru Aquarium,Japan,1959-01-01T00:00:00Z,Otaru
Q3695337,Lahore Zoo,Pakistan,1872-01-01T00:00:00Z,
Q11292381,Okhotsk Aquarium,Japan,,Abashiri
Q4850846,Taman Safari Bali (Bali Safari),Indonesia,2007-11-13T00:00:00Z,Gianyar
Q25109977,Suzhou Zoo,People's Republic of China,,Jiangsu
Q4250220,Surabaya Zoo,Indonesia,1916-08-31T00:00:00Z,Surabaya
Q11279914,Moguranpia,Japan,,Kuji
Q11275229,Noboribetsu Bear Park,Japan,1958-07-17T00:00:00Z,Noboribetsu
Q4802284,Melaka Zoo and Bird Park,Malaysia,1963-01-01T00:00:00Z,Melaka Tengah District
Q11257046,Aquapia Akutagawa,Japan,,Nanpeidai
Q28004709,SeaWorld Abu Dhabi,United Arab Emirates,2023-05-23T00:00:00Z,Abu Dhabi
Q4746784,Amirthi Zoological Park,India,1967-01-01T00:00:00Z,
Q3576063,Zoorasia,Japan,1999-04-24T00:00:00Z,Asahi-ku
Q4036104,Chiang Mai Night Safari,Thailand,2006-02-06T00:00:00Z,Chiang Mai
Q42530840,Peshawar Zoo,Pakistan,2018-01-01T00:00:00Z,Peshawar
Q11254393,Shinagawa Aquarium,Japan,,Katsushima
Q6764266,Marine World Uminonakamichi,Japan,1988-03-17T00:00:00Z,Higashi-ku
Q24945533,Maitri Baagh Zoo,India,1972-01-01T00:00:00Z,Bhilai
Q48724223,Kurumbapatti Zoological Park,India,,Tamil Nadu
Q19820001,Pinnawala Open Zoo,Sri Lanka,2015-04-17T00:00:00Z,Pinnawala
Q4803495,Asamushi Aquarium,Japan,1983-01-01T00:00:00Z,Aomori
Q5133216,Clifton Fish Aquarium,Pakistan,1965-01-01T00:00:00Z,Karachi
Q48749937,Utsunomiya Zoo,Japan,,Utsunomiya
Q3959995,Siberian Tiger Park,People's Republic of China,,
Q11250698,Sunshine Aquarium,Japan,,Higashi-Ikebukuro
Q27963566,Baluarte Zoo,Philippines,,Q235004
Q11276730,Q11276730,Japan,,
Q38278109,Tsushima Wildlife Conservation Center,Japan,1997-01-01T00:00:00Z,Tsushima
Q8134074,Sumida Aquarium,Japan,2012-05-22T00:00:00Z,Oshiage
Q3576027,Songkhla Zoo,Thailand,,Khao Rup Chang
Q4739454,Amami Islands Botanical Garden,Japan,,Amami
Q4641942,63 Seaworld,South Korea,1985-01-01T00:00:00Z,
Q4812638,Atagawa Tropical & Alligator Garden,Japan,1958-09-20T00:00:00Z,Higashiizu
Q19611523,Eskişehir Zoo,Turkey,2017-05-01T00:00:00Z,Eskişehir
Q38882839,Petah Tikva Zoo,Israel,1954-01-01T00:00:00Z,Petah Tikva
Q4828854,Avilon Zoo,Philippines,2005-01-01T00:00:00Z,Q106825
Q20669929,Chengdu Zoo,People's Republic of China,1953-01-01T00:00:00Z,Chengdu
Q11259022,Kagoshima City Aquarium,Japan,1997-05-30T00:00:00Z,Honkōshin-machi
Q11281777,Q11281777,Japan,,Kamiamakusa
Q55237812,Kakuzan Zoo,Japan,,Tsuyama
Q4731647,Kanpur Zoological Park,India,1974-02-04T00:00:00Z,
Q110282354,Taman Safari Bogor,Indonesia,1990-03-16T00:00:00Z,Cisarua
Q41794740,Monkey Forest,Israel,1970-01-01T00:00:00Z,Yodfat
Q24038908,Kamla Nehru Prani Sangrahalay,India,,
Q5071705,Changa Manga,Pakistan,,Chunian Tehsil
Q24952457,Gorewada Zoo,India,,Maharashtra
Q6636970,Sea Life Bangkok Ocean World,Thailand,2005-12-09T00:00:00Z,Bangkok
Q4467974,Tianjin Zoo,People's Republic of China,1980-01-01T00:00:00Z,
Q21930126,VOC park and zoo,India,,
Q29025197,Comilla Zoo and Botanical Garden,Bangladesh,,
Q11305053,Sahoro Resort Bear Mountain,Japan,,Shintoku
Q4851117,Balkasar Bear Sanctuary,Pakistan,,
Q11446176,Okuhida Bear Park,Japan,,Takayama
Q22080053,Sajjangarh Biological Park,India,,Rajasthan
Q19613864,İzmir Wildlife Park,Turkey,2008-11-30T00:00:00Z,Çiğli district
Q28219616,Johor Zoo,Malaysia,1928-01-01T00:00:00Z,Johor Bahru
Q11305917,Sunpiazza Aquaruim,Japan,,Atsubetsuchūō
Q22675361,Q22675361,North Korea,,
Q30114492,Nagoya Zoo,Japan,,Tsurumai-chō
Q5087827,Chhatbir Zoo,India,1977-01-01T00:00:00Z,
Q11282873,Q11282873,Japan,1990-01-01T00:00:00Z,
Q4923810,Sriracha Tiger Zoo,Thailand,1997-01-01T00:00:00Z,Nong Kham
Q11264065,Crab Aquarium,Japan,,Tottori
Q19746000,Q19746000,Indonesia,,Semarang
Q39060593,Phuket Zoo,Thailand,1997-01-01T00:00:00Z,Chalong
Q41636597,Zoo-Botanical Garden Nahariya,Israel,2003-01-01T00:00:00Z,Nahariya
Q109365838,KawaZoo,Japan,,Kawazu
Q25663373,Albay Park and Wildlife,Philippines,,Legazpi
Q11361202,Shimoda Aquarium,Japan,1967-01-01T00:00:00Z,Shimoda
Q4167605,Tashkent Zoo,Uzbekistan,1924-01-01T00:00:00Z,
Q4842512,Bahawalpur Zoo,Pakistan,1942-01-01T00:00:00Z,Bahawalpur
Q4062771,Almaty Zoo,Soviet Union,1936-01-01T00:00:00Z,Almaty
Q4809463,Sea Life İstanbul,Turkey,2009-01-01T00:00:00Z,Bayrampaşa
Q19893153,Rohtak Zoo,India,,Haryana
Q11275197,Notojima Aquarium,Japan,,Nanao
Q56349389,Uda Animal Park,Japan,,Uda
Q11657210,Bear Garden,Japan,1990-01-01T00:00:00Z,Kitaakita
Q11344566,Mollusco Mugi,Japan,,Mugi
Q28043528,Jong's Crocodile Farm and Zoo,Malaysia,1979-01-01T00:00:00Z,Siburan
Q11514077,Showa Shinzan Bear Ranch,Japan,,Sōbetsu-chō
Q123616743,Isfahan Reptiles Garden,Iran,,District 13
Q25058046,Shenzhen Safari Park,People's Republic of China,1993-01-01T00:00:00Z,Shenzhen
Q4925165,Tokyo Sea Life Park,Japan,1989-01-01T00:00:00Z,Rinkaichō
Q3845012,Al Ain Zoo,United Arab Emirates,1969-01-01T00:00:00Z,
Q48725172,Tata Steel Zoological Park,India,,Jamshedpur
Q19610585,Ankara Zoo,Turkey,,Ankara
Q7741262,Ice Museum,Japan,,Kesennuma
Q4782624,Aqua World,Japan,2002-03-21T00:00:00Z,Ōarai-machi
Q48732995,DG Khan Zoo,Pakistan,,
Q31197279,Israel Antelope Ranch,Israel,,Arabah
Q4782699,Aquamarine Fukushima,Japan,2000-07-15T00:00:00Z,Iwaki
Q7231211,Port of Nagoya Public Aquarium,Japan,1992-10-01T00:00:00Z,Minato-machi
Q11341120,Marinepia Matsushima Aquarium,Japan,,Matsushima
Q11357193,Q11357193,Japan,,
Q22118342,Q22118342,Japan,,Kahoku
Q4315033,Ashgabat Zoo,Turkmenistan,,Gökdepe District
Q4941423,Bondla Wildlife Sanctuary,India,,
Q20892053,Indian Zoos and Botanical Gardens,India,,
Q18987429,Chittagong Zoo,Bangladesh,1989-01-01T00:00:00Z,Chittagong
Q11267523,Saitama Aquarium,Japan,,Hanyū-shi
Q11361449,Q11361449,Japan,,
Q42796626,Gan Guru,Israel,1996-01-01T00:00:00Z,Nir David
Q48797664,Samphran Elephant Ground & Zoo,Thailand,,Sam Phran
Q41442819,Q41442819,Israel,,Matzuva
Q24942915,Dr. Shyama Prasad Mukharjee Surat Municipal Zoo,India,,Gujarat
Q4703495,Mohamed bin Zayed Nature Reserve,Bahrain,1976-01-01T00:00:00Z,
Q11256102,Q11256102,Japan,,Tateyama
Q11282869,Aquatotto Gifu,Japan,2004-07-14T00:00:00Z,Kakamigahara
Q7400110,Kujukushima Pearl Sea Resort,Japan,1994-01-01T00:00:00Z,Sasebo
Q11260727,Q11260727,Japan,2011-04-02T00:00:00Z,
Q11292366,Q11292366,Japan,1987-01-01T00:00:00Z,Monbetsu
Q4854746,Bandung Zoo,Indonesia,1933-01-01T00:00:00Z,Bandung
Q41860391,Q41860391,Israel,,Sde Boker
Q6764196,Miyajima Public Aquarium,Japan,1959-01-01T00:00:00Z,Hatsukaichi
Q64438207,Jakarta Aquarium,Indonesia,,
Q75331465,Bali Zoo,Indonesia,,Gianyar
Q108689584,Kamla Nehru Zoological Garden,India,1951-01-01T00:00:00Z,Ahmedabad
Q108698185,Patiala Zoo,India,,Punjab
Q111515618,Batang Dolphin Center,Indonesia,,
Q105438385,Bannerghatta Biological Park,India,,
Q7425054,Sakai National Park Kujukushima Zoo & Botanical Garden,Japan,1961-01-01T00:00:00Z,Sasebo
Q5617187,Gulab Bagh and Zoo,India,1881-01-01T00:00:00Z,Udaipur district
Q58322404,Q58322404,Cambodia,,Phnom Penh
Q7421103,Sapporo Maruyama Zoo,Japan,1951-05-05T00:00:00Z,Miyagaoka
Q6444237,Kund Park,Pakistan,2000-01-01T00:00:00Z,Nowshera
Q95708949,Firefly Valley Leisure Park,Malaysia,,Kota Tinggi District
Q7695556,Tel Aviv Zoo,Israel,1938-01-01T00:00:00Z,Tel Aviv
Q5269661,Dhodial Pheasantry,Pakistan,,
Q7039114,Ninoy Aquino Parks & Wildlife Center,Philippines,1954-07-05T00:00:00Z,
Q66432954,Shikoku Aquarium,Japan,,Utazu
Q115470771,Higashiyama Zoo Main Park,Japan,,"Kameiri, Tashiro-chō, Nagoya"
Q47164008,Shinjiko Nature Museum Gobius,Japan,,Izumo
Q56347666,DMM Kariyushi Aquarium,Japan,2020-05-25T00:00:00Z,Toyosaki
Q97196287,Yayoi Ikoinohiroba,Japan,,Hirosaki
Q109256775,Q109256775,Saudi Arabia,,
Q112979178,Linyi Zoological and Botanical Garden,People's Republic of China,1999-01-01T00:00:00Z,Linyi
Q93202513,Q93202513,Kurdistan,2020-01-01T00:00:00Z,Kurdistan Region of Iraq
Q55756195,Singapore Oceanarium,Singapore,,
Q110264231,Doha Zoo,Qatar,1984-01-01T00:00:00Z,
Q65117876,Harbin Zoo,People's Republic of China,,
Q115047510,The Green Planet,United Arab Emirates,2016-09-01T00:00:00Z,Dubai
Q22031680,Penghu Aquarium,Taiwan,1997-01-01T00:00:00Z,Baisha Township
Q5578056,Gokatsura Pond Furusato Village,Japan,1993-01-01T00:00:00Z,
Q6481541,Babolsar Zoo,Iran,,Babolsar County
Q6055894,Gaziantep Zoo,Turkey,2001-01-01T00:00:00Z,Şahinbey district
Q5187417,Crocolandia Foundation,Philippines,2001-01-01T00:00:00Z,Talisay
Q109602084,Mariho Aquarium,Japan,,Nishi-ku
Q55232305,Radiant Fish World,Bangladesh,,Cox's Bazar
Q38266933,Aquamarine Inawashiro Kingfishers Aquarium,Japan,,Inawashiro
Q26961754,Grandview Aquarium,People's Republic of China,,Tianhenan Subdistrict
Q60751176,Lalazar Safari Park,Pakistan,,
Q21652473,Inubōsaki Marine Park,Japan,1993-01-01T00:00:00Z,
Q7292958,"Rani Bagh, Hyderabad",Pakistan,,
Q95709237,Desaru Ostrich Farm,Malaysia,2000-01-01T00:00:00Z,Pengerang
Q109170506,Manila Aquarium,Philippines,,
Q6045732,Soğanlı Zoo,Turkey,,Bursa Province
Q6165969,Jawaharlal Nehru Biological Park,India,1989-01-01T00:00:00Z,
Q107094445,Gandhi Zoological Park,India,1902-01-01T00:00:00Z,Gwalior district
Q118107423,Menjor Multipurpose Research Centre and Unity Park,India,,Khangabok
Q83789636,Awashima Marine Park,Japan,,Numazu
Q120964441,Q120964441,Taiwan,,Caotun Township
Q5507695,Fukuoka Municipal Zoo and Botanical Garden,Japan,1953-08-01T00:00:00Z,Hirao-jōsuimachi
Q59587500,Shaheed Ashfaq Ullah Khan Prani Udyan,India,,Gorakhpur
Q104841545,Ark Avilon Zoo,Philippines,,
Q113011987,Machia Biological Park,India,,
Q7136009,Parassinikkadavu Snake Park,India,,
Q109361701,Ōshima Park Zoo,Japan,,Oshima
Q6484561,Landhi Korangi Zoo,Pakistan,1990-01-01T00:00:00Z,
Q61722200,Teradomari Aquarium,Japan,,Nagaoka
Q108502475,Takagoyama Nature Zoo,Japan,,Futtsu
Q60994248,Q60994248,Taiwan,,Madou District
Q21654084,Nifrel,Japan,,Suita
Q113232241,Birding center in Eilat,Israel,1980-01-01T00:00:00Z,Eilat
Q106071028,Zhoukou Safari Park,People's Republic of China,,Zhoukou
Q108527080,Himalayan Nature Park Kufri,India,1992-01-01T00:00:00Z,Himachal Pradesh
Q5507754,Fukuyama City Zoo,Japan,1978-04-01T00:00:00Z,Fukuyama
Q115959798,Punggol Zoo,Singapore,,
Q63992974,Jakarta Aquarium,Indonesia,,
Q109597317,átoa,Japan,,Shinkō-chō
Q106771209,Riyadh Zoo,Saudi Arabia,,Riyadh
Q56739393,Muroto Schoolhouse Aquarium,Japan,2018-04-26T00:00:00Z,Muroto
Q57896831,Davao Crocodile Park,Philippines,,Davao City
Q61368132,Siddharth Garden and Zoo,India,1984-01-01T00:00:00Z,Aurangabad
Q110300674,Malabon Zoo,Philippines,,
Q85976405,Q85976405,South Korea,,Daegu
Q5939541,Vakilabad Zoo,Iran,,Mashhad County
Q7586332,Sri Venkateswara Zoological Park,India,1987-01-01T00:00:00Z,
Q85875396,Q85875396,Japan,,Chōshi
Q58423155,Q58423155,Israel,1990-01-01T00:00:00Z,Bnei Brak
Q30321431,Israel aquarium,Israel,2017-06-19T00:00:00Z,Jerusalem
Q6055483,İzmir Zoo,Turkey,1938-01-01T00:00:00Z,Konak
Q109361698,Sayama Chikōzan Children's Zoo,Japan,,Sayama
Q107012272,Hagachizaki Monkey Bay,Japan,2020-05-07T00:00:00Z,Minamiizu
Q109283876,Singapore Miniature Zoo,Singapore,,
Q116763933,Lalehzar Zoo,Iran,,
Q81036087,Bhagwan Birsa Biological Park,India,,Jharkhand
Q7418426,Sanjay Gandhi Biological Park,India,1973-01-01T00:00:00Z,
Q6025038,Indira Gandhi Zoological Park,India,1977-01-01T00:00:00Z,
Q48752477,Nagisa Aquarium,Japan,,Suō-ōshima-chō
Q6755206,Marble Palace Zoo,India,1854-01-01T00:00:00Z,
Q69535915,"Ostrich Farm, Saifai, Etawah",India,,Etawah district
Q7256608,"Pt. G.B. Pant High Altitude Zoo, Nainital",India,1995-06-01T00:00:00Z,
Q115470712,Higashiyama Zoo North Park,Japan,,"Kameiri, Tashiro-chō, Nagoya"
Q113135621,Bio Ramon,Israel,,Mitzpe Ramon
Q6697780,Nawab Wajid Ali Shah Prani Udyan,India,1921-01-01T00:00:00Z,
Q7445905,Lok Kawi Wildlife Park,Malaysia,2007-02-17T00:00:00Z,Putatan District
Q5528980,Gaza Zoo,Palestine,,Gaza Strip
Q48769612,Underwater World Langkawi,Malaysia,,Langkawi
Q107079912,Nandanvan Jungle Safari,India,2016-01-01T00:00:00Z,Atal Nagar-Nava Raipur
Q5302436,Jigokudani Monkey Park,Japan,1964-06-03T00:00:00Z,Yamanouchi
Q59255587,Changsha Ecological Zoo,People's Republic of China,2010-01-01T00:00:00Z,
Q122181417,Islamabad Zoo cum Botanical Garden,Pakistan,,Islamabad
Q5310637,Dubai Zoo,United Arab Emirates,1967-01-01T00:00:00Z,Dubai
Q6473423,Lahore Zoo Safari,Pakistan,,Punjab
Q110709440,Cube Oceanarium,People's Republic of China,,Chengdu
Q7186583,Phnom Tamao Wildlife Rescue Centre,Cambodia,1995-01-01T00:00:00Z,Takéo Province
Q6140007,Shanghai Wild Animal Park,People's Republic of China,,
Q21655033,Yamagata Fresh-water Fish Museum,Japan,,Hitachiōmiya-shi
Q5316871,Dushanbe Zoo,Tajikistan,1960-01-01T00:00:00Z,Dushanbe
Q61721910,Iyoboya Hall,Japan,,Murakami
Q21652335,Aquaterrace Nishikigaoka,Japan,,Nishikigaoka
Q107008851,Aqua Planet Jeju,South Korea,,
Q99611864,Kōchi Prefectural Ashizuri Aquarium Satoumi,Japan,1975-05-02T00:00:00Z,Tosashimizu
Q85795742,Rajgir Zoo Safari,India,,
Q97169050,Kawasui Kawasaki Aquarium,Japan,,Nisshin-chō
Q97539508,Awaji Farm Park England Hill,Japan,,Minami-Awaji
Q63022404,Isfahan Aquarium,Iran,,District 13
Q102609105,Sika Deer Ecological Park,Taiwan,2007-01-01T00:00:00Z,Gongguan Village
Q120715772,Shiraz Zoo,Iran,,Zarqan Rural District
Q6315378,Jurong Reptile Park,Singapore,,
Q21652750,Kasumigaura City Aquarium,Japan,,Kasumigaura
Q109370192,Q109370192,Japan,,
Q6424313,Kobe Animal Kingdom,Japan,2006-03-15T00:00:00Z,Minatojima Minamimachi
Q6452176,Kyoto City Zoo,Japan,1903-04-01T00:00:00Z,Sakyō-ku
Q7680645,Taman Safari Indonesia,Indonesia,1990-03-16T00:00:00Z,
Q62266089,Emirates Park Zoo,United Arab Emirates,,
Q5359345,Elephant Nature Park,Thailand,,
Q7337785,River Wonders,Singapore,2012-11-29T00:00:00Z,Central Water Catchment
Q7569286,Karachi Zoo,Pakistan,1878-01-01T00:00:00Z,
Q6963658,Nanjing Hongshan Forest Zoo,People's Republic of China,1998-01-01T00:00:00Z,Nanjing
Q11541603,Rakuju-en,Japan,1890-01-01T00:00:00Z,Ichibanchō
Q11526061,Okazaki City Higashi Park,Japan,,Okazaki
Q11633858,Toyohashi Zoo and Botanical Park,Japan,1899-01-01T00:00:00Z,Ōiwa-chō
Q11084009,Hsinchu Zoo,Taiwan,1936-01-01T00:00:00Z,East District
Q11618188,Kusatsu Tropical Wonderland,Japan,,Kusatsu
Q11380531,Izu Shaboten Zoo,Japan,1959-01-01T00:00:00Z,Ito
Q11652345,Nagasaki Bio Park,Japan,1980-01-01T00:00:00Z,Saikai
Q11452373,Takarazuka Family Land,Japan,,
Q11437769,Omuta City Zoo,Japan,1941-10-01T00:00:00Z,Ōmuta-shi
Q11437989,Omachi Alpine Museum,Japan,1951-11-01T00:00:00Z,Ōmachi-shi
Q11595312,Akita City Ōmoriyama Zoo,Japan,,Akita
Q11577814,Kofu city Yuki park zoo,Japan,1919-08-04T00:00:00Z,Kofu
Q11493586,Tobe Zoological Park,Japan,1988-01-01T00:00:00Z,Tobe
Q11527526,Tobu Zoo,Japan,1981-03-18T00:00:00Z,Shiraoka
Q11642887,Nasu Animal Kingdom,Japan,,Nasu
Q11400772,Kitakitsune Farm,Japan,,Kitami
Q11657616,Aso Cuddly Dominion,Japan,,Aso
Q11431697,Yumemigasaki Zoological Park,Japan,1972-11-22T00:00:00Z,Saiwai-ku
Q11595256,秋田八幡平クマ牧場,Japan,,
Q11666524,Iida City Zoo,Japan,,Iida
Q11269273,Q11269273,Japan,,
Q11405998,Chiba Zoological Park,Japan,1985-04-28T00:00:00Z,Minamotochō
Q11102420,Hangzhou Zoo,People's Republic of China,,
Q11543159,Kanazawa Zoo,Japan,1982-02-01T00:00:00Z,Kanazawa-ku
Q11259212,Ishikawa Zoo,Japan,,Nomi
Q11447486,Himeji City Zoo,Japan,,Himeji
Q11558610,Uminonakamichi Seaside Park,Japan,1981-01-01T00:00:00Z,Higashi-ku
Q11663873,Kuragaike Park,Japan,,Toyota
Q11333066,Q11333066,Japan,,
Q11416862,Tokuyama Zoo,Japan,,Shūnan-shi
Q11493663,Ehime Prefectural Dogo Zoo,Japan,,
Q11262347,Obihiro Zoo,Japan,,Obihiro
Q11590062,Kobe Oji Zoo,Japan,1951-01-01T00:00:00Z,Ōji-chō
Q11654175,Nagano City Jōyama Zoo,Japan,1961-08-20T00:00:00Z,Uematsu
Q11664521,Suzaka Zoo,Japan,1962-10-01T00:00:00Z,Suzaka
Q11434398,Ōmiya Park Zoo,Japan,1953-01-01T00:00:00Z,Takahanachō
Q11452193,Q11452193,Japan,1969-01-01T00:00:00Z,
Q11654197,Nagano Chausuyama Zoo,Japan,1983-08-08T00:00:00Z,Nagano
Q11669487,Takaoka Kojō Zoo,Japan,1951-04-01T00:00:00Z,Takaoka
Q11266568,Saitama Children's Zoo,Japan,1980-05-05T00:00:00Z,Higashimatsuyama
Q10946033,Ningbo Wildlife Park,People's Republic of China,,Yinzhou District
Q11124472,Wuhan Zoo,People's Republic of China,,
Q11463704,Komoro City Zoo,Japan,1926-01-01T00:00:00Z,Komoro
Q11557788,Hamamatsu Zoological Gardens,Japan,,Nishi-ku
Q10902457,Beijing Wildlife Park,People's Republic of China,,Yufa
Q11317162,Q11317162,Japan,,
Q11317161,Q11317161,Japan,,
Q11568009,Kumamoto City Zoological and Botanical Gardens,Japan,1929-07-01T00:00:00Z,Higashi-ku
Q11324991,NEW REOMA WORLD,Japan,1986-07-01T00:00:00Z,
Q11435011,Ōsaki Park,Japan,,Ōsaki
Q11537258,Kiryū-ga-oka Park,Japan,,Miyamoto-chō
Q11516054,Q11516054,Japan,,
Q11552583,Okinawa Zoo & Museum,Japan,1972-04-19T00:00:00Z,Okinawa
Q11273093,Tokushima Zoo,Japan,1998-01-01T00:00:00Z,Tokushima
Q11281997,Wanpark Kochi Animal Land,Japan,,Kōchi-shi
Q11480016,Ichihara Elephant Kingdom,Japan,1989-01-01T00:00:00Z,Ichihara
Q11463797,Q11463797,Japan,1970-01-01T00:00:00Z,
Q11339218,Q11339218,Japan,,Inashiki
Q11648278,Kushiro Zoo,Japan,,Kushiro
Q11561559,Q11561559,Japan,1989-03-29T00:00:00Z,
Q11343133,Q11343133,Japan,,
Q11551063,Edogawa Ward Natural Zoo,Japan,,Kita-Kasai
Q11489818,Q11489818,Japan,,Tokushima
Q11508065,Shizuoka Municipal Nihondaira Zoo,Japan,1969-08-01T00:00:00Z,Suruga-ku
Q11669751,Takasakiyama Natural Zoological Garden,Japan,1953-03-15T00:00:00Z,Ōita-shi
Q11454261,Miyazaki City Phoenix Zoo,Japan,,Miyazaki
Q11396953,Itōzu no Mori Zoological Park,Japan,2002-04-13T00:00:00Z,Kokurakita-ku
Q11273042,Tokiwa Park,Japan,,Ube
Q11454001,Miyagi Zao Fox Village,Japan,1990-01-01T00:00:00Z,Shiroishi
Q11432512,Ōuchiyama Zoo,Japan,1970-01-01T00:00:00Z,Taiki
Q11377835,Sendai Yagiyama Zoological Park,Japan,1965-10-15T00:00:00Z,Taihaku-ku
Q11594327,Fukuchiyama City Zoo,Japan,,Fukuchiyama
Q11551834,Satsukiyama Zoo,Japan,1957-04-01T00:00:00Z,Ikeda
Q11380529,Izu Animal Kingdom,Japan,1977-10-01T00:00:00Z,Inatori
Q11647835,Kinkazan Squirrel Village,Japan,,Gifu
Q11480258,Ichikawa Zoological & Botanical Garden,Japan,,Ichikawa
Q11551743,Ikeda Zoo,Japan,,Kita-ku
Q11581372,Morioka Zoo,Japan,1989-01-01T00:00:00Z,Morioka
Q11510043,Hitachi Kamine Zoo,Japan,,Hitachi
Q11610196,Hamura Zoo,Japan,1991-11-01T00:00:00Z,Hamura
Q11325259,Neo Park Okinawa,Japan,1992-12-01T00:00:00Z,Nago
Q11417307,Wakayama Castle Park Zoo,Japan,1915-04-07T00:00:00Z,Wakayama
Q11578268,Machida Squirrel Garden,Japan,,Yakushidai
Q11456382,Toyama Municipal Family Park Zoo,Japan,1984-04-28T00:00:00Z,Toyama
Q11062008,Guangzhou Zoo,People's Republic of China,,Guangzhou
Q11346676,Rakutenchi,Japan,,Beppu
Q11626052,Q11626052,Japan,1964-08-13T00:00:00Z,
Q11304942,Q11304942,Japan,1968-01-01T00:00:00Z,
Q11506354,Nihon Kamoshika Sentā,Japan,1960-07-01T00:00:00Z,
Q42486215,Shamakhi Safari Park,Azerbaijan,,
Q136446602,Suraloka Interactive Zoo,Indonesia,2022-01-01T00:00:00Z,Sleman
Q11672436,Noichi Zoological Park of the Kochi Prefecture,Japan,1991-11-01T00:00:00Z,Kōnan-shi
Q9097825,Islamabad Zoo,Pakistan,1978-01-01T00:00:00Z,
Q18124666,Anoop Patel,Uttar Pradesh,,
Q12490158,Solo Safari,Indonesia,,Surakarta
Q9097826,Jinan Zoo,People's Republic of China,1960-05-01T00:00:00Z,Tianqiao District
Q28068900,Nasu Safari Park,Japan,,Nasu
Q123615642,Midbarium,Israel,2023-01-01T00:00:00Z,
Q7785508,Thiruvananthapuram Zoo,India,1857-01-01T00:00:00Z,
Q138081793,"Himalayan Zoological Park, Sikkim",India,,Gangtok
Q11370332,Kyushu African Safari,Japan,,Usa
Q12490160,Pematang Siantar Zoo,Indonesia,1936-11-27T00:00:00Z,Pematangsiantar
Q133894517,Q133894517,Indonesia,,North Banjarmasin
Q136396469,Q136396469,Indonesia,,Teladan
Q5313401,Dulhazra Safari Park,Bangladesh,,
Q93969065,Etawah Safari Park,India,,Etawah
Q3229621,Leofoo Village Theme Park,Taiwan,1979-01-01T00:00:00Z,Guanxi Township
Q10860225,Inokashira Park Zoo,Japan,1942-05-17T00:00:00Z,Inokashira
Q136375353,Faunaland Ancol,Indonesia,,Jakarta
Q7850623,Tuan Chau Aquarium,Vietnam,,
Q11705490,Kuwait Zoo,Kuwait,1968-01-01T00:00:00Z,
Q137938768,Entopia,Malaysia,,Penang
Q58061574,Baja Wildlife Park,Pakistan,,Swabi
Q16304402,Nakhon Pathom Municipality Zoo,Thailand,,Nakhon Pathom
Q577921,Nanjing Underwater World,People's Republic of China,1996-01-01T00:00:00Z,
Q17192303,AlpsPark,Japan,1974-01-01T00:00:00Z,Matsumoto
Q22677838,Kushiro Crane Reserve,Japan,1958-01-01T00:00:00Z,Kushiro
Q30672224,Bali Butterfly Park,Indonesia,,
Q16174245,Jeonju Zoo,South Korea,,Jeonju
Q17225811,Q17225811,Japan,1971-01-01T00:00:00Z,
Q16999992,Warangal Zoo,India,1985-01-01T00:00:00Z,
Q11297401,Campbelltown Forest of Wild Birds,Japan,,Koshigaya
Q16164599,Q16164599,South Korea,,
Q29208,The Green Connection,Malaysia,,
Q133274431,Penang Bird Park,Malaysia,,Penang
Q546844,Bangkok Aquarium,Thailand,1940-01-01T00:00:00Z,Lat Yao
Q25040434,Murree Wildlife Park,Pakistan,,Murree Tehsil
Q17225635,Q17225635,Japan,,
Q16744229,Bali Bird Park,Indonesia,1994-01-01T00:00:00Z,
Q11498237,Kakegawa Kachoen,Japan,,Kakegawa
Q16132554,Tel Aviv University Zoo,Israel,1953-01-01T00:00:00Z,Tel Aviv
Q17016128,Yunnan Wildlife Park,People's Republic of China,,Panlong District
Q113800717,Bird Paradise,Singapore,,Mandai
Q28146533,Banteay Srey Butterfly Centre,Cambodia,,Siem Reap
Q136375233,Bird Pavilion,Indonesia,,West Bandung
Q17063809,Kampot Zoo,Cambodia,1999-01-01T00:00:00Z,Makprang Commune
Q16948780,Koh Kong Safari World,Cambodia,,Bak Khlang Commune
Q5565036,Gita Persada Butterfly Park,Indonesia,,North Telukbetung
Q31509,Taraporewala Aquarium,India,,
Q6788091,Matsue Vogel Park,Japan,,Matsue
Q486310,Busan Aquarium,South Korea,,
Q485236,COEX Aquarium,South Korea,,
Q138753305,Kamoso Kachoen,Japan,2014-08-01T00:00:00Z,Kakegawa
Q17224197,Okayama Prefectural Nature Conservation Center,Japan,1991-11-01T00:00:00Z,Wake
Q15938016,Badaling Zoo,People's Republic of China,1998-05-01T00:00:00Z,Beijing
Q18409713,Q18409713,Mongolia,1913-01-01T00:00:00Z,Ulaanbaatar
Q60768800,Kemenuh Butterfly Park,Indonesia,,
Q131784381,Q131784381,South Korea,,Gyeongju
Q134437707,Rainforest Wild Asia,Singapore,,Mandai
Q18125200,Gopalpur Zoo,India,,
Q17218329,Q17218329,Japan,1989-04-22T00:00:00Z,
Q136375407,Jakarta Bird Land,Indonesia,,Jakarta
Q28820,Mactan Island Aquarium,Philippines,,
Q6440990,Kuala Lumpur Butterfly Park,Malaysia,,Kuala Lumpur
Q11369532,Kurume City Bird Center,Japan,,Kurume
Q110471376,Dubai Butterfly Garden,United Arab Emirates,,
Q17212924,Crane Nature Park,Japan,,Tsuruta
Q2736994,Q2736994,Indonesia,,
Q48733001,Kamalia Wildlife Park,Pakistan,,Kamalia Tehsil
Q16132548,Hai Kef,Israel,1988-01-01T00:00:00Z,Rishon LeZion
Q16339796,Chai park,Israel,2002-01-01T00:00:00Z,Kiryat Motzkin
Q10927153,Fonghuanggu Bird and Ecology Park,Taiwan,1982-12-18T00:00:00Z,Lugu Township
Q1547682,Jurong Bird Park,Singapore,1971-01-03T00:00:00Z,Boon Lay
Q553044,Kamogawa Sea World,Japan,1970-10-01T00:00:00Z,Kamogawa
Q16242379,Wanpi World Zoo,Taiwan,1994-01-01T00:00:00Z,Syuejia District
Q16253871,Bayap Zoo,Cambodia,1995-01-01T00:00:00Z,Seang Khveang Commune
Q17211865,Q17211865,Japan,2003-07-01T00:00:00Z,
Q40493,Sea World Indonesia,Indonesia,1980-01-01T00:00:00Z,
Q60776627,Konya Tropical Butterfly Garden,Turkey,,
Q29168,Aquaria KLCC,Malaysia,2005-01-01T00:00:00Z,Kuala Lumpur
Q97161072,"Oomurasaki Center, Hokuto City",Japan,1995-01-01T00:00:00Z,Hokuto
Q31502,Bengaluru Aquarium,India,,Bengaluru
Q16684080,Xining Zoo,People's Republic of China,,Xining
Q130365128,Kanan Pendari Zoo,India,,Takhatpur tehsil
Q13022377,Pata Zoo,Thailand,1983-01-01T00:00:00Z,Bang Yi Khan
Q85751068,Cebu Safari and Adventure Park,Philippines,2018-01-01T00:00:00Z,Corte
Q7859688,Tyavarekoppa Lion and Tiger Safari,India,1988-01-01T00:00:00Z,Shimoga district
Q123162540,Tiger Kingdom Phuket,Thailand,,Phuket
Q15229182,Jaipur Zoo,India,1877-01-01T00:00:00Z,
Q6349213,Kakanakote,India,,
Q128033608,Q128033608,India,,Gujarat
Q123617553,Arak Zoo,Iran,,Arak County
Q11594892,Akiyoshidai Safari Land,Japan,1978-01-01T00:00:00Z,Mine
Q136031635,Lembang Park & Zoo,Indonesia,2020-01-01T00:00:00Z,Bandung
Q12518848,Taman Margasatwa dan Budaya Kinantan,Indonesia,,West Sumatra
Q128015910,Q128015910,India,,Gujarat
Q7913465,Van Kleef Aquarium,Singapore,1955-01-01T00:00:00Z,
Q29129,Taman Safari Indonesia 2,Indonesia,,
Q2585012,Himeji Central Park,Japan,1984-03-25T00:00:00Z,Himeji
Q11102641,Hangzhou Safari Park,People's Republic of China,2002-01-01T00:00:00Z,Fuyang District
Q130059294,Q130059294,People's Republic of China,,
Q1026285,Calauit Safari Park,Philippines,1976-08-31T00:00:00Z,Busuanga
Q11676554,Kagoshima City Hirakawa Zoo,Japan,1972-10-14T00:00:00Z,Hirakawa-chō
Q8074067,Taiping Zoo,Malaysia,1961-01-01T00:00:00Z,
Q778531,Karachi Safari Park,Pakistan,1970-01-01T00:00:00Z,Karachi
Q107455617,Rungna Dolphinarium,North Korea,2012-01-01T00:00:00Z,Pyongyang
Q123195444,CENTRAL AFRICAN SHINO WILDLIFE PARK,People's Republic of China,,Neicuo Town
Q15243715,Maharajbagh zoo,India,,Nagpur
Q125847232,Q125847232,Thailand,,Ubon Ratchathani
Q10566319,Chimelong Safari Park,People's Republic of China,1997-12-26T00:00:00Z,Guangzhou
Q127985773,Q127985773,India,,Rajasthan
Q13022372,Lopburi Zoo,Thailand,1940-01-01T00:00:00Z,Lopburi
Q138936537,Awajishima Monkey Center,Japan,,Sumoto
Q8046515,Yadanabon Zoological Gardens,Myanmar,1989-01-01T00:00:00Z,Mandalay
Q11526117,Tohoku Safari Park,Japan,,Nihonmatsu
Q136008629,Q136008629,Indonesia,,
Q10564453,Q10564453,People's Republic of China,,
Q128034611,Jungle Mahal Zoological Park,India,1980-01-01T00:00:00Z,Jhargram subdivision
Q11455860,Fuji Safari Park,Japan,1980-04-23T00:00:00Z,Susono
Q13014565,Safari Park Open Zoo,Thailand,,Nong Kum
Q11474596,Iwate Safari Park,Japan,,Ichinoseki
Q11454160,Q11454160,Japan,,
Q13093132,Gembira Loka Zoo,Indonesia,1956-01-01T00:00:00Z,
Q11609531,Gunma Safari Park,Japan,1979-05-01T00:00:00Z,Tomioka
Q7798287,Thrissur Zoo,India,1885-01-01T00:00:00Z,
Q9097841,Shoushan Zoo,Taiwan,1978-01-01T00:00:00Z,Gushan District
Q96473886,Kish Dolphinarium,Iran,,Kish
Q137556044,Baoding Zoo,People's Republic of China,,Baoding
Q14469669,Nakhon Ratchasima Zoo,Thailand,1989-05-23T00:00:00Z,Chai Mongkhon
Q12808931,Faruk Yalçın Zoo,Turkey,1993-01-01T00:00:00Z,Darıca district
Q138667725,Jambu Zoo,India,,
Q137571107,Kunming Zoo,People's Republic of China,,Kunming
Q5527559,Gatwala Wildlife Park,Pakistan,1992-01-01T00:00:00Z,
Q136261853,Solomon's Animals,Israel,,Nokdim
Q137767184,Sincan Zoo,Turkey,,Sincan district
Q136687552,Medan Zoo,Indonesia,,North Sumatra
Q113641605,Q113641605,Palestine,1998-01-01T00:00:00Z,Gush Katif
Q12404972,Haifa Zoo and Botanical Gardens,Israel,1949-01-01T00:00:00Z,Haifa
Q136867822,Seoul Zoo,South Korea,,Gyeonggi Province
Q4345206,"Utopia park, Israel",Israel,2006-01-01T00:00:00Z,Bahan
Q11265357,Taiji Whale Museum,Japan,1969-01-01T00:00:00Z,Taiji
Q861893,Naypyidaw Safari Park,Myanmar,2011-02-12T00:00:00Z,Naypyidaw
Q10563866,Chongqing Zoo,People's Republic of China,1955-01-01T00:00:00Z,Chongqing
Q25247987,Ridiyagama Safari Park,Sri Lanka,,
Q16345864,Gazipur Safari Park,Bangladesh,2013-11-01T00:00:00Z,Gazipur District
Q11674251,Nishiyama Zoo,Japan,,Sabae
Q137534657,The Pig Museum,South Korea,,Icheon
Q15229013,Iwatayama Monkey Park,Japan,1957-01-01T00:00:00Z,Nishikyō Ward
Q20984189,Qinhuangdao Wildlife Park,People's Republic of China,1995-01-01T00:00:00Z,
Q7918400,Vehari Wildlife Park,Pakistan,1988-01-01T00:00:00Z,
Q13059506,Recreation Park and Rangpur Zoo,Bangladesh,1989-01-01T00:00:00Z,
Q137571140,Yunnan Wildlife Park,People's Republic of China,,Kunming
Q125556615,Q125556615,Afghanistan,,Kandahar
Q122880521,Karakol Zoological Park,Kyrgyzstan,,Karakol
Q7061713,Tel Aviv Dolphinarium,Israel,,Tel Aviv
Q136099135,Maharani Zoo & Goa,Indonesia,,Lamongan
Q124315744,Milad Tower Dolphinarium,Iran,,District 2
Q123823450,Mellat Park Zoo,Iran,,District 3
Q11325868,North Safari Sapporo,Japan,,"Toyotaki, Sapporo"
Q131911098,Q131911098,Japan,2024-07-31T00:00:00Z,Namegata
