qid,zooLabel,countryLabel,inception,regionLabel
Q3162430,Saigon Zoo and Botanical Gardens,Vietnam,1865-01-01T00:00:00Z,Ho Chi Minh City
Q993926,Asahiyama Zoo,Japan,1967-07-01T00:00:00Z,Asahikawa
Q19610585,Ankara Zoo,Turkey,,Ankara
Q1267646,Dusit Zoo,Thailand,1938-01-01T00:00:00Z,Dusit
Q2343219,Ramat Gan Safari,Israel,1974-01-01T00:00:00Z,Ramat Gan
Q2709506,Singapore Zoo,Singapore,1973-06-27T00:00:00Z,North Region
Q2896297,NegevZoo,Israel,1954-01-01T00:00:00Z,Beersheba
Q4167605,Tashkent Zoo,Uzbekistan,1924-01-01T00:00:00Z,
Q11325868,North Safari Sapporo,Japan,,"Toyotaki, Sapporo"
Q22118342,Q22118342,Japan,,Kahoku
Q4315033,Ashgabat Zoo,Turkmenistan,,Gökdepe District
Q42486215,Shamakhi Safari Park,Azerbaijan,,
Q20892053,Indian Zoos and Botanical Gardens,India,,
Q1136334,Yangon Zoological Gardens,Myanmar,1906-01-25T00:00:00Z,Yangon
Q3108672,Yerevan Zoo,Armenia,1940-01-01T00:00:00Z,Yerevan
Q2452280,Baku Zoo,Azerbaijan,1928-01-01T00:00:00Z,Baku
Q18987429,Chittagong Zoo,Bangladesh,1989-01-01T00:00:00Z,Chittagong
Q18124666,Anoop Patel,Uttar Pradesh,,
Q28068900,Nasu Safari Park,Japan,,Nasu
Q24942915,Dr. Shyama Prasad Mukharjee Surat Municipal Zoo,India,,Gujarat
Q1413736,Tama Zoological Park,Japan,1958-05-05T00:00:00Z,Hino
Q3182046,Shanghai Zoo,People's Republic of China,,Shanghai
Q591131,Taipei Zoo,Taiwan,1914-01-01T00:00:00Z,Wenshan District
Q3082977,Marine Life Park,Singapore,2011-11-22T00:00:00Z,Sentosa
Q2774335,Sakkarbaug Zoological Garden,India,1863-01-01T00:00:00Z,Junagadh district
Q833625,Kabul Zoo,Afghanistan,1967-01-01T00:00:00Z,Kabul
Q11370332,Kyushu African Safari,Japan,,Usa
Q93969065,Etawah Safari Park,India,,Etawah
Q4059427,Dubai Aquarium and Underwater Zoo,United Arab Emirates,2008-11-04T00:00:00Z,Dubai
Q861318,Nogeyama Zoo,Japan,1951-04-01T00:00:00Z,Oimatsuchō
Q2307982,Manila Zoological and Botanical Garden,Philippines,1959-01-01T00:00:00Z,
Q220043,Kathmandu Zoo,Nepal,1932-01-01T00:00:00Z,Lalitpur
Q944021,Thủ Lệ Park,Vietnam,,
Q1046034,Shymkent Zoo,Kazakhstan,1980-01-01T00:00:00Z,Shymkent
Q85751068,Cebu Safari and Adventure Park,Philippines,2018-01-01T00:00:00Z,Corte
Q18667200,Lai Chi Kok Zoo,People's Republic of China,,
Q708915,Korea Central Zoo,North Korea,1959-04-01T00:00:00Z,Pyongyang
Q302897,Hirakata Park,Japan,1910-01-01T00:00:00Z,Hirakata
Q2530020,Chai Nat Bird Park,Thailand,,
Q4251753,Batu Secret Zoo,Indonesia,2010-06-01T00:00:00Z,
Q3695337,Lahore Zoo,Pakistan,1872-01-01T00:00:00Z,
Q2587322,Adventure World,Japan,1978-01-01T00:00:00Z,Shirahama
Q6349213,Kakanakote,India,,
Q25109977,Suzhou Zoo,People's Republic of China,,Jiangsu
Q1058886,Carmel Hai-Bar Nature Reserve,Israel,1973-01-01T00:00:00Z,
Q3295344,Higashiyama Zoo and Botanical Gardens,Japan,1937-03-01T00:00:00Z,Chikusa-ku
Q4250220,Surabaya Zoo,Indonesia,1916-08-31T00:00:00Z,Surabaya
Q4703495,Mohamed bin Zayed Nature Reserve,Bahrain,1976-01-01T00:00:00Z,
Q3493970,Nehru Zoological Park,India,1963-10-06T00:00:00Z,Hyderabad
Q11594892,Akiyoshidai Safari Land,Japan,1978-01-01T00:00:00Z,Mine
Q3576063,Zoorasia,Japan,1999-04-24T00:00:00Z,Asahi-ku
Q4036104,Chiang Mai Night Safari,Thailand,2006-02-06T00:00:00Z,Chiang Mai
Q24945533,Maitri Baagh Zoo,India,1972-01-01T00:00:00Z,Bhilai
Q2275145,Nandankanan Zoological Park,India,1960-01-01T00:00:00Z,
Q862533,Naypyidaw Zoological Gardens,Myanmar,2008-03-27T00:00:00Z,
Q19820001,Pinnawala Open Zoo,Sri Lanka,2015-04-17T00:00:00Z,Pinnawala
Q3034913,Chiang Mai Zoo,Thailand,1957-01-01T00:00:00Z,Chiang Mai
Q3959995,Siberian Tiger Park,People's Republic of China,,
Q2672104,Pinnawala Elephant Orphanage,Sri Lanka,1975-01-01T00:00:00Z,
Q3576027,Songkhla Zoo,Thailand,,Khao Rup Chang
Q4739454,Amami Islands Botanical Garden,Japan,,Amami
Q647766,Jijamata Udyaan,India,1861-01-01T00:00:00Z,Mumbai
Q11102641,Hangzhou Safari Park,People's Republic of China,2002-01-01T00:00:00Z,Fuyang District
Q3276955,Assam State Zoo cum Botanical Garden,India,1958-01-01T00:00:00Z,Guwahati
Q19611523,Eskişehir Zoo,Turkey,2017-05-01T00:00:00Z,Eskişehir
Q162722,Ueno Zoo,Japan,1882-01-01T00:00:00Z,Ueno-kōen
Q2891853,Qalqilya Zoo,Palestine,1986-01-01T00:00:00Z,Qalqilya
Q220207,Hong Kong Zoological and Botanical Gardens,People's Republic of China,,Central and Western District
Q20669929,Chengdu Zoo,People's Republic of China,1953-01-01T00:00:00Z,Chengdu
Q1142942,National Zoo of Malaysia,Malaysia,1963-11-14T00:00:00Z,Gombak
Q3364809,National Zoological Park Delhi,India,1959-01-01T00:00:00Z,
Q28980,Manila Ocean Park,Philippines,2008-03-01T00:00:00Z,Manila
Q4731647,Kanpur Zoological Park,India,1974-02-04T00:00:00Z,
Q24038908,Kamla Nehru Prani Sangrahalay,India,,
Q24952457,Gorewada Zoo,India,,Maharashtra
Q10566319,Chimelong Safari Park,People's Republic of China,1997-12-26T00:00:00Z,Guangzhou
Q3576017,Khao Kheow Open Zoo,Thailand,1978-06-01T00:00:00Z,Bang Phra
Q2182381,Japan Monkey Centre,Japan,,Inuyama
Q4467974,Tianjin Zoo,People's Republic of China,1980-01-01T00:00:00Z,
Q11526117,Tohoku Safari Park,Japan,,Nihonmatsu
Q21930126,VOC park and zoo,India,,
Q2116901,Dubai Dolphinarium,United Arab Emirates,2008-05-21T00:00:00Z,Emirate of Dubai
Q11305053,Sahoro Resort Bear Mountain,Japan,,Shintoku
Q2349688,Baghdad Zoo,Iraq,1971-01-01T00:00:00Z,Baghdad
Q22080053,Sajjangarh Biological Park,India,,Rajasthan
Q1144452,National Zoological Gardens of Sri Lanka,Sri Lanka,1936-01-01T00:00:00Z,
Q19613864,İzmir Wildlife Park,Turkey,2008-11-30T00:00:00Z,Çiğli district
Q2125883,"Underwater World, Singapore",Singapore,1991-01-01T00:00:00Z,Sentosa
Q11455860,Fuji Safari Park,Japan,1980-04-23T00:00:00Z,Susono
Q13014565,Safari Park Open Zoo,Thailand,,Nong Kum
Q11474596,Iwate Safari Park,Japan,,Ichinoseki
Q11454160,Q11454160,Japan,,
Q11609531,Gunma Safari Park,Japan,1979-05-01T00:00:00Z,Tomioka
Q2660049,Kuala Lumpur Bird Park,Malaysia,1991-01-01T00:00:00Z,Kuala Lumpur
Q22675361,Q22675361,North Korea,,
Q2723997,Rajiv Gandhi Zoological Park,India,1999-03-14T00:00:00Z,Pune
Q2234723,Night Safari,Singapore,1994-05-26T00:00:00Z,Central Water Catchment
Q2033070,Safari World,Thailand,1988-02-17T00:00:00Z,Bangkok
Q3346440,Alipore Zoological Gardens,India,1876-05-01T00:00:00Z,"Ward No. 74, Kolkata Municipal Corporation"
Q3350326,Bangladesh National Zoo,Bangladesh,1974-06-23T00:00:00Z,
Q5527559,Gatwala Wildlife Park,Pakistan,1992-01-01T00:00:00Z,
Q19746000,Q19746000,Indonesia,,Semarang
Q25663373,Albay Park and Wildlife,Philippines,,Legazpi
Q81821,Hiroshima City Asa Zoological Park,Japan,1971-09-01T00:00:00Z,Asakita-ku
Q3495905,Padmaja Naidu Himalayan Zoological Park,India,1958-01-01T00:00:00Z,Darjeeling
Q1054648,Tennōji Zoo,Japan,1915-01-01T00:00:00Z,Q86727104
Q861893,Naypyidaw Safari Park,Myanmar,2011-02-12T00:00:00Z,Naypyidaw
Q2915736,Jerusalem Biblical Zoo,Israel,1940-01-01T00:00:00Z,Jerusalem
Q2713110,Ragunan Zoo,Indonesia,1864-01-01T00:00:00Z,
Q25247987,Ridiyagama Safari Park,Sri Lanka,,
Q16345864,Gazipur Safari Park,Bangladesh,2013-11-01T00:00:00Z,Gazipur District
Q4062771,Almaty Zoo,Soviet Union,1936-01-01T00:00:00Z,Almaty
Q3523523,Mysore Zoo,India,1892-01-01T00:00:00Z,Mysore
Q19893153,Rohtak Zoo,India,,Haryana
Q94465,Eram Zoo,Iran,1990-01-01T00:00:00Z,District 5
Q20984189,Qinhuangdao Wildlife Park,People's Republic of China,1995-01-01T00:00:00Z,
Q647587,Arignar Anna Zoological Park,India,1855-01-01T00:00:00Z,Chengalpattu district
Q290283,Karagandy Zoo,Kazakhstan,1938-01-01T00:00:00Z,Karaganda
Q25058046,Shenzhen Safari Park,People's Republic of China,1993-01-01T00:00:00Z,Shenzhen
Q220083,Beijing Zoo,People's Republic of China,1906-01-01T00:00:00Z,Zhanlanlu Subdistrict
Q3845012,Al Ain Zoo,United Arab Emirates,1969-01-01T00:00:00Z,
Q62266089,Emirates Park Zoo,United Arab Emirates,,
Q138667725,Jambu Zoo,India,,
Q5359345,Elephant Nature Park,Thailand,,
Q2585012,Himeji Central Park,Japan,1984-03-25T00:00:00Z,Hyōgo Prefecture
Q75331465,Bali Zoo,Indonesia,,Gianyar
Q137571140,Yunnan Wildlife Park,People's Republic of China,,Kunming
Q7061713,Tel Aviv Dolphinarium,Israel,,Tel Aviv
Q1073067,Toba Aquarium,Japan,1955-05-15T00:00:00Z,Toba
Q48725172,Tata Steel Zoological Park,India,,Jamshedpur
Q124315744,Milad Tower Dolphinarium,Iran,,District 2
Q1026285,Calauit Safari Park,Philippines,1976-08-31T00:00:00Z,Busuanga
Q5617187,Gulab Bagh and Zoo,India,1881-01-01T00:00:00Z,Udaipur district
Q58322404,Q58322404,Cambodia,,Phnom Penh
Q48732995,DG Khan Zoo,Pakistan,,
Q31197279,Israel Antelope Ranch,Israel,,Arabah
Q5269661,Dhodial Pheasantry,Pakistan,,
Q4941423,Bondla Wildlife Sanctuary,India,,
Q3156501,Izu Mito Sea Paradise,Japan,1930-01-01T00:00:00Z,Numazu
Q42796626,Gan Guru,Israel,1996-01-01T00:00:00Z,Nir David
Q48797664,Samphran Elephant Ground & Zoo,Thailand,,Sam Phran
Q41442819,Q41442819,Israel,,Matzuva
Q137767184,Sincan Zoo,Turkey,,Sincan district
Q60776627,Konya Tropical Butterfly Garden,Turkey,,
Q65117876,Harbin Zoo,People's Republic of China,,
Q5578056,Gokatsura Pond Furusato Village,Japan,1993-01-01T00:00:00Z,
Q2859182,Istanbul Aquarium,Turkey,2011-04-01T00:00:00Z,Bakırköy
Q6055894,Gaziantep Zoo,Turkey,2001-01-01T00:00:00Z,Şahinbey district
Q5187417,Crocolandia Foundation,Philippines,2001-01-01T00:00:00Z,Talisay
Q4854746,Bandung Zoo,Indonesia,1933-01-01T00:00:00Z,Bandung
Q41860391,Q41860391,Israel,,Sde Boker
Q60751176,Lalazar Safari Park,Pakistan,,
Q5313401,Dulhazra Safari Park,Bangladesh,,
Q3229621,Leofoo Village Theme Park,Taiwan,1979-01-01T00:00:00Z,Guanxi Township
Q4828854,Avilon Zoo,Philippines,2005-01-01T00:00:00Z,Q106825
Q97161072,"Oomurasaki Center, Hokuto City",Japan,1995-01-01T00:00:00Z,Hokuto
Q4812638,Atagawa Tropical & Alligator Garden,Japan,1958-09-20T00:00:00Z,Higashiizu
Q6045732,Soğanlı Zoo,Turkey,,Bursa Province
Q47462824,Nagaland Zoological Park,India,2008-08-28T00:00:00Z,Dimapur district
Q138081793,"Himalayan Zoological Park, Sikkim",India,,Gangtok
Q41793070,Q41793070,Israel,,Katzrin
Q58061574,Baja Wildlife Park,Pakistan,,Swabi
Q5507695,Fukuoka Municipal Zoo and Botanical Garden,Japan,1953-08-01T00:00:00Z,Hirao-jōsuimachi
Q59587500,Shaheed Ashfaq Ullah Khan Prani Udyan,India,,Gorakhpur
Q4850846,Taman Safari Bali (Bali Safari),Indonesia,2007-11-13T00:00:00Z,Gianyar
Q30672224,Bali Butterfly Park,Indonesia,,
Q60994248,Q60994248,Taiwan,,Madou District
Q4802284,Melaka Zoo and Bird Park,Malaysia,1963-01-01T00:00:00Z,Melaka Tengah District
Q2859205,Shanghai Ocean Aquarium,People's Republic of China,,
Q5507754,Fukuyama City Zoo,Japan,1978-04-01T00:00:00Z,Fukuyama
Q1445750,Okinawa Churaumi Aquarium,Japan,2002-01-01T00:00:00Z,Motobu
Q28004709,SeaWorld Abu Dhabi,United Arab Emirates,2023-05-23T00:00:00Z,Abu Dhabi
Q4746784,Amirthi Zoological Park,India,1967-01-01T00:00:00Z,
Q57896831,Davao Crocodile Park,Philippines,,Davao City
Q42530840,Peshawar Zoo,Pakistan,2018-01-01T00:00:00Z,Peshawar
Q3055859,Aqua Park Shinagawa,Japan,,Takanawa
Q48724223,Kurumbapatti Zoological Park,India,,Tamil Nadu
Q61368132,Siddharth Garden and Zoo,India,1984-01-01T00:00:00Z,Aurangabad
Q29129,Taman Safari Indonesia 2,Indonesia,,
Q2584900,Himeji City Aquarium,Japan,1966-06-12T00:00:00Z,Himeji
Q48749937,Utsunomiya Zoo,Japan,,Utsunomiya
Q27963566,Baluarte Zoo,Philippines,,Q235004
Q5939541,Vakilabad Zoo,Iran,,Mashhad County
Q25040434,Murree Wildlife Park,Pakistan,,Murree Tehsil
Q38278109,Tsushima Wildlife Conservation Center,Japan,1997-01-01T00:00:00Z,Tsushima
Q58423155,Q58423155,Israel,1990-01-01T00:00:00Z,Bnei Brak
Q6055483,İzmir Zoo,Turkey,1938-01-01T00:00:00Z,Konak
Q38882839,Petah Tikva Zoo,Israel,1954-01-01T00:00:00Z,Petah Tikva
Q81036087,Bhagwan Birsa Biological Park,India,,Jharkhand
Q6025038,Indira Gandhi Zoological Park,India,1977-01-01T00:00:00Z,
Q69535915,"Ostrich Farm, Saifai, Etawah",India,,Etawah district
Q17016128,Yunnan Wildlife Park,People's Republic of China,,Panlong District
Q778531,Karachi Safari Park,Pakistan,1970-01-01T00:00:00Z,Karachi
Q28146533,Banteay Srey Butterfly Centre,Cambodia,,Siem Reap
Q55237812,Kakuzan Zoo,Japan,,Tsuyama
Q697507,National Museum of Marine Biology and Aquarium,Taiwan,2000-02-25T00:00:00Z,Checheng Township
Q107455617,Rungna Dolphinarium,North Korea,2012-01-01T00:00:00Z,Pyongyang
Q41794740,Monkey Forest,Israel,1970-01-01T00:00:00Z,Yodfat
Q5565036,Gita Persada Butterfly Park,Indonesia,,North Telukbetung
Q137556044,Baoding Zoo,People's Republic of China,,Baoding
Q5528980,Gaza Zoo,Palestine,,Gaza Strip
Q5071705,Changa Manga,Pakistan,,Chunian Tehsil
Q5302436,Jigokudani Monkey Park,Japan,1964-06-03T00:00:00Z,Yamanouchi
Q59255587,Changsha Ecological Zoo,People's Republic of China,2010-01-01T00:00:00Z,
Q5310637,Dubai Zoo,United Arab Emirates,1967-01-01T00:00:00Z,Dubai
Q137534657,The Pig Museum,South Korea,,Icheon
Q29025197,Comilla Zoo and Botanical Garden,Bangladesh,,
Q3549275,Qingdao Underwater World,People's Republic of China,,
Q4851117,Balkasar Bear Sanctuary,Pakistan,,
Q863153,Yokohama Hakkeijima Sea Paradise,Japan,1993-05-08T00:00:00Z,Yokohama
Q5316871,Dushanbe Zoo,Tajikistan,1960-01-01T00:00:00Z,Dushanbe
Q137938768,Entopia,Malaysia,,Penang
Q28219616,Johor Zoo,Malaysia,1928-01-01T00:00:00Z,Johor Bahru
Q136867822,Seoul Zoo,South Korea,,Gyeonggi Province
Q30114492,Nagoya Zoo,Japan,,Tsurumai-chō
Q96473886,Kish Dolphinarium,Iran,,Kish
Q1191885,Osaka Aquarium Kaiyukan,Japan,1990-01-01T00:00:00Z,Kaigandori
Q60768800,Kemenuh Butterfly Park,Indonesia,,
Q5087827,Chhatbir Zoo,India,1977-01-01T00:00:00Z,
Q134437707,Rainforest Wild Asia,Singapore,,Mandai
Q4923810,Sriracha Tiger Zoo,Thailand,1997-01-01T00:00:00Z,Nong Kham
Q137571107,Kunming Zoo,People's Republic of China,,Kunming
Q113641605,Q113641605,Palestine,1998-01-01T00:00:00Z,Gush Katif
Q39060593,Phuket Zoo,Thailand,1997-01-01T00:00:00Z,Chalong
Q41636597,Zoo-Botanical Garden Nahariya,Israel,2003-01-01T00:00:00Z,Nahariya
Q6440990,Kuala Lumpur Butterfly Park,Malaysia,,Kuala Lumpur
Q4345206,"Utopia park, Israel",Israel,2006-01-01T00:00:00Z,Bahan
Q11265357,Taiji Whale Museum,Japan,1969-01-01T00:00:00Z,Taiji
Q4842512,Bahawalpur Zoo,Pakistan,1942-01-01T00:00:00Z,Bahawalpur
Q4809463,Sea Life İstanbul,Turkey,2009-01-01T00:00:00Z,Bayrampaşa
Q1132057,Rayong Aquarium,Thailand,,
Q138936537,Awajishima Monkey Center,Japan,,Sumoto
Q110471376,Dubai Butterfly Garden,United Arab Emirates,,
Q56349389,Uda Animal Park,Japan,,Uda
Q48733001,Kamalia Wildlife Park,Pakistan,,Kamalia Tehsil
Q28043528,Jong's Crocodile Farm and Zoo,Malaysia,1979-01-01T00:00:00Z,Siburan
Q1547682,Jurong Bird Park,Singapore,1971-01-03T00:00:00Z,Boon Lay
Q553044,Kamogawa Sea World,Japan,1970-10-01T00:00:00Z,Kamogawa
Q7425054,Sakai National Park Kujukushima Zoo & Botanical Garden,Japan,1961-01-01T00:00:00Z,Sasebo
Q7741262,Ice Museum,Japan,,Kesennuma
Q7421103,Sapporo Maruyama Zoo,Japan,1951-05-05T00:00:00Z,Miyagaoka
Q40493,Sea World Indonesia,Indonesia,1980-01-01T00:00:00Z,
Q4782624,Aqua World,Japan,2002-03-21T00:00:00Z,Ōarai-machi
Q6444237,Kund Park,Pakistan,2000-01-01T00:00:00Z,Nowshera
Q4782699,Aquamarine Fukushima,Japan,2000-07-15T00:00:00Z,Iwaki
Q7231211,Port of Nagoya Public Aquarium,Japan,1992-10-01T00:00:00Z,Minato-machi
Q95708949,Firefly Valley Leisure Park,Malaysia,,Kota Tinggi District
Q11341120,Marinepia Matsushima Aquarium,Japan,,Matsushima
Q7695556,Tel Aviv Zoo,Israel,1938-01-01T00:00:00Z,Tel Aviv
Q11357193,Q11357193,Japan,,
Q7039114,Ninoy Aquino Parks & Wildlife Center,Philippines,1954-07-05T00:00:00Z,
Q11267523,Saitama Aquarium,Japan,,Hanyū-shi
Q11361449,Q11361449,Japan,,
Q97196287,Yayoi Ikoinohiroba,Japan,,Hirosaki
Q93202513,Q93202513,Kurdistan,2020-01-01T00:00:00Z,Kurdistan Region of Iraq
Q11256102,Q11256102,Japan,,Tateyama
Q11282869,Aquatotto Gifu,Japan,2004-07-14T00:00:00Z,Kakamigahara
